id,name
224252202,DSC-RPI/dsc-portal
231161852,ArturoCamacho0/ProjectResponsive
155254893,onosendi/flask-dlindegren
231065965,anggi1234/tunas-ilmu
225080339,AdrianWilczynski/VSCodeSnippetsToVS
160083795,SerenityOS/serenity
221552739,z0ph/aws-security-toolbox
230923653,m41na/demo-micro-services
107471694,Lombiq/PJS.ReTouch
223831715,nachoapps/pad-game-data
231161853,mpro34/GunGraves
231031280,buddyspike/gogit
227178623,Danver98/sneakers-backend
100496729,gpeterson406/Greenwood_Book
231160326,MatoPlus/react-jsx-lab-cb-gh-000
194280481,bitnami/bitnami-docker-harbor-portal
230448690,wigforss/java-8-base
42018768,Lombiq/Helpful-Libraries
197711881,ryo97321/rust-workspace
138499772,nazmulidris/algorithms-in-kotlin
153640774,thadiun/hello-world
211517583,maromaroXD/FiFO_Second_Chance
165536154,typescript-eslint/typescript-eslint
140614233,PySimpleGUI/PySimpleGUI
159298221,geos4s/18w856162
231161840,AssamToumi/Bootstrap-blog
231161855,efarbereger/tmp_clock_repo
45993266,patsonluk/airline
228343155,jick155/Machine-Learning-portfolio
230275330,mrlynn/mongodb-github-student
153830667,KrzysztofSzewczyk/asmbf
83585690,TedTschopp/tschopp.net
194280481,bitnami/bitnami-docker-harbor-portal
228284912,rodrigoferraro/bootcamp2019
11581991,yubo/doc
231160326,MatoPlus/react-jsx-lab-cb-gh-000
42018768,Lombiq/Helpful-Libraries
53678002,qiyanjun/books2read
230797706,BlackHoleSecurity/website
231161498,sullis/amazon-ecr-login
207424413,skrapkam/samchang
6495132,wikimedia/mediawiki-extensions-CentralAuth
108752559,BenedekFarkas/Elemental-Gankery
204268723,supershell2019/conf
231161702,fatalhalt/LEDBlink
129512184,SockPuppetry/Loop-A
31792824,flutter/flutter
231161718,jethrolarson/parse-ts
20598648,ElvUI-WotLK/ElvUI
230448690,wigforss/java-8-base
170661918,nulastudio/Freedom
165536154,typescript-eslint/typescript-eslint
62069489,multicharts/scanner-check
190052895,ran-dall/homebrew-cask-drivers
138676186,himobi/hotspot
212703717,DemiMarie-parity/rust-libp2p
231161859,konstantinkot/portfolio
108332615,SalesforceFoundation/gem
231160806,kilcmn3/programming-univbasics-nds-hashes-of-hashes-lab-nyc-web-010620
67651864,Lombiq/Git-Hg-Mirror-Common
173629625,thijs852/parkeer_data
198916487,flycnzebra/itop-4412-android5.1
159010660,0x21fr2/Hacking
231158291,haitdhn/Petstore
153466799,weirdcalculator/wptdolphin
62069489,multicharts/scanner-check
135042737,DmitriiP/hello-github
224001345,morrah/oro-market
204268723,supershell2019/conf
230809890,stephaniechiu/Quotable
84128241,bpb27/trump_tweet_data_archive
44727837,haskell/haskell-ide-engine
229235126,drizzo0/fail2ban_ip_blacklist
136921024,sneeak/tmare
138681984,supermobiteam2/Tizi
218329977,n1xbyte/donutCS
231161241,PuckSnow/DataEngineeringHomework
230981947,Selfedelics/selfedelics.com
165695619,reynaldoeg/cron-bash
25197513,silvernoo/ac-rss
170661918,nulastudio/Freedom
11180687,gohugoio/hugo
